Fishery,Year,N,32,34,36,38,40,42,44,46,48,50,52,54,56,58,60,62,64,66,68,70,72,74,76,78,80,82,84,86,88,90,92,94,96,98,100,102,104,106,108,110,112,114,116,118,120,122,124,126,128,130,132,134,136,138,140,142,144,146,148,150,152,154,156,158,160,162,164,166,168,170,172,174,176,178,180,182,184,186,188,190,192,194,196,198,200,202,204,206,208,210,212,214,216,218,220,222,224,226,228,230,232,234,236,238,240,242,244,246,248,250
1,1969,29.71,0,0,0,0,0,0,0,0,0,0,0,0,0,0,0,0,0,0,0,0,0,0,0,0,0,0,0,0,0,0,0,0,0.008984811401593336,0.011183248801127671,0.01127993425485943,0.012640396176644303,0.011440547368326531,0.010825593283116915,0.011698984642484127,0.012244635254652119,0.020101589443959633,0.016936187272635468,0.017096375065250566,0.02138993739931802,0.018319874031341037,0.02841974623797752,0.033393412995807024,0.025566391234364442,0.024429576943422664,0.024810495813054615,0.022623611565187805,0.025399050548432868,0.026778089421512795,0.030945095238158114,0.036707884661013386,0.03470856049263519,0.04392046180085202,0.04392856682127932,0.05376091705974414,0.048359362458787296,0.045229378768802495,0.04428193773389021,0.04160067612598855,0.03501436214710227,0.031852458209128395,0.025884913366593945,0.02071350057901386,0.01708380867432091,0.014476134699355426,0.010584367273499186,0.007865379610849793,0.005438134009148313,0.004007196506424378,0.002709424271986481,0.001921566968174496,0.0014336872163103398,7.486981366077442e-4,4.4410569549536196e-4,3.344675878915994e-4,3.3879281266658044e-4,5.7315985954070194e-5,7.716766425325459e-5,9.188269003995268e-6,0,0,0,0,0,0,0,0,0,0,0,0,0,0,0,0,0,0,0,0,0,0,0,0,0,0,0
1,1970,29.92,0,0,0,0,0,0,0,0,0,0,0,0,0,0,0,0,0,0,0,0,0,0,0,0,0,0,0,0,0,0,0,0,0.017500068618742586,0.018862394617220925,0.019070658556904863,0.014559800878935457,0.015304147850169513,0.015931935629294045,0.026963114791935812,0.028913211279617927,0.032199929073215554,0.0279200127328879,0.020094550418173106,0.02101367754876238,0.014581166381178503,0.021668546097377898,0.021580660024020273,0.019461396490707543,0.019639421105889725,0.018950286153154444,0.0222639885238574,0.022088491972191093,0.025106165020587726,0.02557035767098209,0.02636322177625805,0.03124095011266142,0.03671971020520896,0.039043408305151475,0.04471178260322793,0.04553610301480156,0.03931297257075422,0.04103828270392805,0.036464296182541205,0.03193062506052036,0.030426785255625668,0.025985662829996026,0.02237866525876856,0.019807875748235438,0.01660496606129414,0.013587289203274455,0.00880060239732986,0.007815717893209976,0.004962415845324928,0.0026966948727808813,0.0019013945471177923,0.001188317538157362,0.0012002295963875207,4.6576314982101893e-4,3.0045340045247365e-4,1.7328011118948622e-4,2.9996214643122167e-5,5.499962689882683e-5,1.3556478632298783e-5,0,0,0,0,0,0,0,0,0,0,0,0,0,0,0,0,0,0,0,0,0,0,0,0,0,0,0
1,1971,25.88,0,0,0,0,0,0,0,0,0,0,0,0,0,0,0,0,0,0,0,0,0,0,0,0,0,0,0,0,0,0,0,0,0.01908767639754784,0.019456719936902664,0.018701743936866293,0.01525113777017702,0.01693783448164572,0.021791943537858283,0.028972086752953336,0.03223871841594997,0.03534807733048002,0.023090438517297255,0.017405422332300406,0.027820751388462676,0.02537682272666118,0.03838318695169697,0.035627740415477026,0.02510878567417211,0.02226546291197105,0.02310426956676705,0.021895216780623977,0.023177770554976863,0.02089243051481053,0.027261947417214973,0.02631076797104862,0.02805187063598383,0.034980055775733536,0.032269193698261846,0.04300937247699761,0.038408200968265,0.03508555001747524,0.033803763606046644,0.03021249671363242,0.024283615018172323,0.026027571816540623,0.020065239313539988,0.019647850183184837,0.01502621962254565,0.015046372944738918,0.009984582927405975,0.007993361133177177,0.00681516017780369,0.00419445991714128,0.004247721810145335,0.001843488477833459,0.001105796826398864,9.842699830180986e-4,7.195798924930134e-4,0.00040384715357534757,1.129046148006223e-4,6.379077921308762e-5,9.883884982057733e-5,2.8202431769458773e-8,7.8441797617839e-6,0,0,0,0,0,0,0,0,0,0,0,0,0,0,0,0,0,0,0,0,0,0,0,0,0,0
1,1972,11.83,0,0,0,0,0,0,0,0,0,0,0,0,0,0,0,0,0,0,0,0,0,0,0,0,0,0,0,0,0,0,0,0,0.0235468405293987,0.022399543615749556,0.020650254007745932,0.0172522914012016,0.017394252782367618,0.0199912933028089,0.02572738818137702,0.03083841492017674,0.03760664924713329,0.02393270950186306,0.021355559298688088,0.035651080798323916,0.026516079734593523,0.04090174324446613,0.03185490224832815,0.025879368412373267,0.03015433376339078,0.03497975846819304,0.029819313010219534,0.027380837463853315,0.024185136669368276,0.027478631509155953,0.027989568028639715,0.027963673679264188,0.030877574074612526,0.031161818906168388,0.0374047376928389,0.036278222522586376,0.033138314965037996,0.028543724400662926,0.026687274838230184,0.024099596422230085,0.02037214446627269,0.01920371850351004,0.014049900304962388,0.012379786224729485,0.008810601601919401,0.007344829775870134,0.005557481240747446,0.004178422052336089,0.003643583216771612,0.0013122709892446874,0.0014891531565688623,8.308535846121044e-4,3.413455803210763e-4,3.112085538074454e-4,1.4239914411975837e-4,1.918891615078767e-4,6.650826721688785e-5,6.650826721688785e-5,6.650826721688785e-5,0,0,0,0,0,0,0,0,0,0,0,0,0,0,0,0,0,0,0,0,0,0,0,0,0,0,0
1,1973,19.49,0,0,0,0,0,0,0,0,0,0,0,0,0,0,0,0,0,0,0,0,0,0,0,0,0,0,0,0,0,0,0,0,0.023997885007076288,0.021514214917722044,0.02449150481803588,0.02244481390075391,0.021733367879311224,0.025739591242558937,0.02970744220618901,0.029932058637296297,0.033529963330979407,0.03252654602697649,0.030390686451157577,0.03376678807852921,0.028107127106879296,0.028273861994394765,0.027613091950974288,0.02625813820532971,0.026569033177712083,0.030921491161858473,0.02858004738731839,0.026514772994651145,0.022846840438005472,0.027792598891042422,0.028516744978627412,0.029292079767539742,0.030920689808543615,0.026919568382838176,0.03273295957767388,0.03225051588544651,0.030165566869931035,0.02696273379777013,0.024557495459769013,0.022406035820702788,0.020333840043278217,0.01981101315732643,0.01690208299570898,0.015603142599662882,0.010356760706644704,0.00931792144718326,0.006216846025009024,0.004045566492931908,0.003885748255233584,0.001894658850420539,0.0013545005893005832,8.02845591830664e-4,6.053356749482165e-4,3.773029851451023e-4,4.8169046952789666e-4,0,0,2.046920339797988e-5,4.1754304547822305e-7,0,1.360121580998782e-5,0,0,0,0,0,0,0,0,0,0,0,0,0,0,0,0,0,0,0,0,0,0,0,0,0
1,1974,38.92,0,0,0,0,0,0,0,0,0,0,0,0,0,0,0,0,0,0,0,0,0,0,0,0,0,0,0,0,0,0,0,0,0.007053362401685689,0.009405046303420152,0.01414833723789042,0.01946900324900612,0.0240129287627947,0.03354466133932093,0.035870140140533864,0.037808049923711284,0.034637705761968195,0.03068110561336751,0.03798891050839542,0.036293440733617024,0.028706213867691392,0.029823839401314396,0.030213526938761285,0.028143148043853178,0.026148828270469056,0.026080546302156463,0.0264642743080897,0.023975927757279383,0.031248761747403188,0.02614116528416886,0.030515363154766537,0.02941036044509089,0.03234551471929718,0.03417307817613797,0.03233999905968071,0.03926756957653089,0.0284758631614043,0.03043991259099747,0.029058397766920527,0.02681175540429409,0.01979937384482253,0.015080024267198358,0.013127510485040683,0.009792462298385526,0.008486135778973728,0.008182399807293395,0.004143563220415551,0.005193210702590438,0.0022552497369316225,0.0015047457151778712,8.774267901840678e-4,2.2779663972052034e-4,3.608823730765448e-4,1.0179955389386794e-4,6.874724182480332e-5,8.271764328199486e-6,5.0388176875615065e-5,0,4.327365124816087e-5,0,0,0,0,0,0,0,0,0,0,0,0,0,0,0,0,0,0,0,0,0,0,0,0,0,0,0
1,1975,50.94,0,0,0,0,0,0,0,0,0,0,0,0,0,0,0,0,0,0,0,0,0,0,0,0,0,0,0,0,0,0,0,0,0.008934844373572483,0.010004292215938949,0.014437231883736037,0.016262687924534835,0.02226920701268304,0.017482191906681863,0.013553581132605763,0.01497638949739342,0.01735365435794449,0.01639947075763474,0.0232839329246883,0.02822100175012055,0.025443589605889536,0.023477096997988632,0.03216022140342882,0.03381352561613416,0.024725576525152736,0.02932658462154602,0.02512292784936593,0.02398407395518154,0.0319413265838703,0.03204023657024989,0.03281999911008312,0.03452801607135885,0.0415065583809565,0.04477671036221362,0.050906576532890095,0.05040286843583835,0.037946649844531534,0.04229387866889475,0.038928812812748737,0.030611064244860462,0.026392419092952018,0.0161127483175059,0.01568602228438519,0.016673706007033273,0.012978761933717565,0.007609870640657266,0.0041352194944187185,0.005310089363184037,0.002632769906244004,6.845002722660693e-4,7.436833300849993e-4,3.1173766786376145e-4,5.010176059233373e-4,1.799458228113534e-4,5.599072183164231e-5,1.1972112330772752e-5,0,0,0,4.4765496071929895e-5,0,0,0,0,0,0,0,0,0,0,0,0,0,0,0,0,0,0,0,0,0,0,0,0,0,0
1,1976,41.5,0,0,0,0,0,0,0,0,0,0,0,0,0,0,0,0,0,0,0,0,0,0,0,0,0,0,0,0,0,0,0,0,0.014283017672474786,0.010664055345504967,0.015231828119687981,0.010712034069725823,0.009778073597702037,0.0105230826332184,0.011658339198151842,0.017930853732481662,0.018862454954649766,0.01950848647425874,0.017267206614529917,0.019322900019731692,0.014384468256447791,0.01905025811359627,0.02510112871891156,0.019301996144167013,0.025414941789846494,0.02685509820018084,0.030981728411368068,0.03877739439923045,0.04448477001710731,0.05184737825639201,0.051247371798285486,0.044518646724320134,0.035951743159021804,0.0429241942452932,0.04187350915218732,0.04228815907534843,0.03842616986814708,0.03866815222060371,0.0460748570453315,0.03341400904791181,0.028517779480457712,0.017504752627089847,0.0195278683371571,0.01291042127199414,0.00799978088469494,0.007664596974221896,0.007174268732333063,0.002982599106252425,0.004069669979252386,0.002515046329401911,0.0012932144253729309,3.43086868357284e-4,1.267846273220301e-4,3.7403641984667115e-5,0,0,0,1.4736874253542878e-6,0,2.9459508664390385e-6,0,0,0,0,0,0,0,0,0,0,0,0,0,0,0,0,0,0,0,0,0,0,0,0,0,0
1,1977,45.03,0,0,0,0,0,0,0,0,0,0,0,0,0,0,0,0,0,0,0,0,0,0,0,0,0,0,0,0,0,0,0,0,0.02132898545735784,0.019621961286553344,0.03402716887563838,0.01843736757192191,0.023428087404986326,0.030584830479347597,0.022077363568404826,0.022358737800162475,0.024446802830059584,0.009814692070786182,0.014080314949739351,0.013837254876114759,0.015393630614132112,0.012374883822675575,0.01403343171933772,0.019967734992307442,0.013817776693205636,0.014014065189479697,0.016823718783318162,0.018825997490786252,0.029815901912824013,0.05456395338157217,0.04093213625059882,0.055736967913142255,0.05908919380226194,0.061418514544908355,0.049454723600255636,0.061412415840720845,0.03301187637262512,0.03322827403668826,0.02959799864429349,0.028876923285520162,0.026026882139303646,0.011250602441431503,0.009914903667140556,0.011261572222363467,0.010412156426853527,0.004910481535117517,0.002837881566462536,0.002790919209145956,0.0030398359587501984,6.699868620338159e-4,2.929072223370433e-4,1.3522365377181524e-4,5.528251442840254e-6,4.621700714900135e-6,2.9264365026958936e-6,8.690952246541217e-6,3.774122167077088e-7,4.1624139813577643e-7,0,4.0003904023745953e-7,0,0,0,0,0,0,0,0,0,0,0,0,0,0,0,0,0,0,0,0,0,0,0,0,0,0
1,1978,42.19,0,0,0,0,0,0,0,0,0,0,0,0,0,0,0,0,0,0,0,0,0,0,0,0,0,0,0,0,0,0,0,0,0.022854477296012764,0.020737345218615828,0.02351395158363659,0.015009332957943738,0.016422922121740187,0.029271966895764574,0.019449727953213317,0.031753980991907904,0.03909373733822412,0.030386666029960156,0.025674750764438613,0.026769261150201347,0.022861775340949585,0.018505141612307156,0.020511217007791214,0.019272520549850194,0.018992711419926995,0.02834092706597448,0.021935670046522558,0.027916360567833056,0.058606295450709764,0.03844911401107883,0.05215623186200521,0.02540920349289405,0.038454677962409714,0.05468975806697494,0.03948648396571244,0.040990320612583446,0.029540465228813213,0.0253296065587923,0.0316914645915709,0.01696858442977298,0.01688484204969206,0.010827720532221138,0.010355197464886156,0.009997490888068878,0.007666009867634457,0.004696070936251782,0.0028956207403524558,0.0011686040559769032,0.002231858051683206,0.0014395276206413607,4.042355095431963e-4,7.89456866035074e-5,1.069835460062272e-4,7.70465408834023e-5,6.432514286165404e-5,5.467443942471866e-7,0,0,2.500808186438624e-5,3.3316394302879265e-5,0,0,0,0,0,0,0,0,0,0,0,0,0,0,0,0,0,0,0,0,0,0,0,0,0,0
1,1979,41.08,0,0,0,0,0,0,0,0,0,0,0,0,0,0,0,0,0,0,0,0,0,0,0,0,0,0,0,0,0,0,0,0,0.03258217704916554,0.022888642080132936,0.019832665353293272,0.01194604432774904,0.011135131881689436,0.013040729538886773,0.0098840742470175,0.0238675815805049,0.026964595407392943,0.016269999793603784,0.0360703520433142,0.03330193793120435,0.050872110747248345,0.03690178892497516,0.037982668137209005,0.03616207601243236,0.026386874028613175,0.0315844718268349,0.020013994388203213,0.012281242069621846,0.017693956059466744,0.016643659135816634,0.030832822337605422,0.020194525557473145,0.0191000308916547,0.02942018806401746,0.028303777921187583,0.05237670167613509,0.028079375163413734,0.03191841392708999,0.023148688778225464,0.025630267679726648,0.04594468618841546,0.017909513012150075,0.01677138300161988,0.017618412656466898,0.013551549776768597,0.018690440952245427,0.011390932371526335,0.004366582558466586,0.008562626965730156,0.0017036485033852695,0.0043320417473329065,0.001989930485369763,0.0012372305978998826,5.116614142044501e-4,4.400531925225073e-4,6.725392334141795e-5,6.894404716915896e-4,5.999307925766409e-4,2.810584378095519e-4,2.1525823005912545e-8,2.1525823005912545e-8,3.0015337925300023e-5,0,0,0,0,0,0,0,0,0,0,0,0,0,0,0,0,0,0,0,0,0,0,0,0
1,1980,57.1,0,0,0,0,0,0,0,0,0,0,0,0,0,0,0,0,0,0,0,0,0,0,0,0,0,0,0,0,0,0,0,0,0.02846788466895028,0.023900119684686513,0.024385709593577238,0.022197025251392666,0.01923982420329904,0.024513890652785558,0.02612391618464411,0.0270466014240657,0.030362264025900757,0.02554867845234218,0.01846002615958285,0.01923174827707748,0.016095795213201695,0.0213517297475497,0.022947724171610118,0.021587647387954313,0.030791675068111327,0.02871426294506182,0.03152952609505216,0.026844487899964197,0.02495545809394136,0.031822264385497206,0.03754151643730712,0.033380275893352476,0.031900325017587945,0.034551026406577416,0.038003050733661926,0.04804094346909576,0.03279005543242382,0.03321647267259754,0.03167134216885519,0.026993166265743624,0.026879162204790807,0.01665420477162102,0.015660756115854036,0.009253944608750902,0.008996639923119115,0.008094390450257912,0.005139475138489037,0.005567572924026757,0.0030994856186701905,0.0026129478676036612,0.0017769564372090302,0.0011863057273549212,5.876089055651773e-4,1.6080223825585117e-4,8.405308632588772e-6,1.4383011710430175e-5,1.4827068844147894e-5,1.3086714217862572e-5,7.261088157553178e-5,0,0,0,0,0,0,0,0,0,0,0,0,0,0,0,0,0,0,0,0,0,0,0,0,0,0,0
1,1981,16.28,0,0,0,0,0,0,0,0,0,0,0,0,0,0,0,0,0,0,0,0,0,0,0,0,0,0,0,0,0,0,0,0,0.010229328864940882,0.00822399048395401,0.008779151934201682,0.010022359287780643,0.012473735663250989,0.011672807787170659,0.021639882855654144,0.024478483752896463,0.02217623626841149,0.031131195405634263,0.020969114713693855,0.029934850687943878,0.02783934572834578,0.03868639173267835,0.03495844542500384,0.02634997563208577,0.019747354049176234,0.02504522638210238,0.016453009961189567,0.0216479124247446,0.02409345980057871,0.029483405574218535,0.03370060634212592,0.03616035393574348,0.03392542775435825,0.02675390016843376,0.03920790748859824,0.04160792670694716,0.03433172965743354,0.03763430095231611,0.03801966784015999,0.03501605345470812,0.031428365696354356,0.029124975554910608,0.02562339947477564,0.02381220307936207,0.01840920581279091,0.012733412875459966,0.008340407806514927,0.006820231454773208,0.004115386697971834,0.0024655555543969514,7.026673659045754e-4,0.0011317919633690072,0.0019629887202822134,5.114586582514039e-4,8.058794971190542e-5,4.972199810787684e-5,4.624369704018588e-5,9.953091515789692e-5,1.4824529985922358e-4,8.070852404732624e-8,0,0,0,0,0,0,0,0,0,0,0,0,0,0,0,0,0,0,0,0,0,0,0,0,0,0
1,1982,22.3,0,0,0,0,0,0,0,0,0,0,0,0,0,0,0,0,0,0,0,0,0,0,0,0,0,0,0,0,0,0,0,0,0,0,0.0047350684349734195,0.008331788494795295,0.009941589507462078,0.01305099911022081,0.017163732461963406,0.01524154606811903,0.022184423404128628,0.019005107940027983,0.018623959203769264,0.02370190634285662,0.01706843455546665,0.02583079207320187,0.02989149176405081,0.02229725685813476,0.027217563657496127,0.03269062534747306,0.024618791806082937,0.03138531232376363,0.026830352861635532,0.028985080241856063,0.02998516353821054,0.03321789098024875,0.04862739810411946,0.03986487407203156,0.04559363250066686,0.04184498498099117,0.03944799499979985,0.045657348515289096,0.035779285639873926,0.03361547835544607,0.03389794601639474,0.027824881025124797,0.030302351039853456,0.019884927663000283,0.020094873341372863,0.016708687711843122,0.011128597943695443,0.010285367267319325,0.006400117110986885,0.004146494336231266,0.0031965130173552242,0.0020202094078400974,6.085399364830682e-4,4.0925311909702873e-4,2.629961112760076e-4,1.1390724654641092e-4,2.324200158454865e-4,5.187612753786104e-5,1.6741804137891404e-7,0,0,0,0,0,0,0,0,0,0,0,0,0,0,0,0,0,0,0,0,0,0,0,0,0,0,0
1,1983,33.84,0,0,0,0,0,0,0,0,0,0,0,0,0,0,0,0,0,0,0,0,0,0,0,0,0,0,0,0,0,0,0,0,0,0,0,0.022932289978294294,0.025756367859660442,0.02200252516510504,0.018268888909446383,0.020906655976765262,0.02224742616294232,0.02270238747480715,0.0212036835709854,0.03539693996123985,0.0242202463467615,0.030238664000571756,0.034862232249496736,0.030569100838753242,0.034344142377380656,0.03746657938854704,0.028708762885596897,0.03205793193724871,0.02440180662098092,0.040309865804618185,0.04836010939013978,0.029419924910355496,0.04270133024797501,0.03226649494317399,0.02709930261273833,0.028852780015619403,0.024016045843842374,0.025328551323423584,0.02655914625210156,0.022859970839049858,0.026309578012492573,0.02001139200773518,0.02030136137743588,0.015780092620794547,0.017392930081437514,0.013174966982104285,0.012310942093526005,0.010220113902220843,0.00891406443671759,0.0072129821615885365,0.004785434341458097,0.0034195393734565583,0.00148498117728514,7.426963195144885e-4,6.009189960809353e-4,5.009621902795008e-4,3.3830247803596093e-4,3.7349869158487183e-4,4.679980777625603e-5,1.828906085391321e-5,0,0,0,0,0,0,0,0,0,0,0,0,0,0,0,0,0,0,0,0,0,0,0,0,0,0
1,1984,34.57,0,0,0,0,0,0,0,0,0,0,0,0,0,0,0,0,0,0,0,0,0,0,0,0,0,0,0,0,0,0,0,0,0,0,0,0,0.008203944440728484,0.009625819227806337,0.011883264814456859,0.01255248549924687,0.020459675826713992,0.024521907078547515,0.0196374259199123,0.027448214395423817,0.018515975813714263,0.028171792354048413,0.026052341979619573,0.026938512518661164,0.019732054053984437,0.023286517397441593,0.0226987553420747,0.027384861943369542,0.022140462258988122,0.03693428866846828,0.039099625656755094,0.03668975874379716,0.04931508315175891,0.039804050857552585,0.05468481619476651,0.045885583581432667,0.0453516465963927,0.04680578777333458,0.03992616303052338,0.03645481791701731,0.03470771807086331,0.02631486489990708,0.023862515939222936,0.018691670458593358,0.017545136641507624,0.013470405358028226,0.011542169079575802,0.010109658312493709,0.00881758885508441,0.005418600150844057,0.0035895905680554344,0.0026144620536701084,0.001404394388223736,7.748034335501915e-4,4.6182625045143165e-4,2.5509477770560416e-4,8.068713960224022e-5,9.792450136403882e-5,2.6287576977774834e-5,8.856565176456186e-6,1.1194256498773034e-7,0,0,0,0,0,0,0,0,0,0,0,0,0,0,0,0,0,0,0,0,0,0,0,0,0
1,1985,56.52,0,0,0,0,0,0,0,0,0,0,0,0,0,0,0,0,0,0,0,0,0,0,0,0,0,0,0,0,0,0,0,0,0,0,0,0,0.0068296857130467035,0.010878510267856415,0.01928390225857485,0.0205612181162044,0.02032220132071328,0.024066887087606292,0.017821501221345282,0.02174037150969937,0.016996715444769595,0.02779084032664405,0.027218118194007428,0.024348471549134148,0.02257973292305347,0.030781014630321162,0.022539681104923118,0.02600374462869939,0.026065521149064422,0.03261264956355798,0.04255425354946759,0.035444447903678455,0.043399761773230135,0.03911904758812605,0.04335258138183363,0.04680814065507564,0.041261882928901664,0.04140435781914572,0.04119179957148182,0.031902946305805646,0.03708553041309412,0.025718957403963755,0.02612562077978328,0.02121130140060184,0.018640519240124668,0.015053561411281181,0.01191030361139972,0.01068856810163621,0.009344402561555278,0.007163518152533248,0.00512234826418992,0.0031472776787411154,0.0017178433255795836,9.155922055348974e-4,5.659959353240005e-4,2.3311427808722805e-4,1.037808467495521e-4,1.3109418567559944e-4,1.514767901985731e-4,8.920692797860184e-5,0,0,0,0,0,0,0,0,0,0,0,0,0,0,0,0,0,0,0,0,0,0,0,0,0,0
1,1986,45.06,0,0,0,0,0,0,0,0,0,0,0,0,0,0,0,0,0,0,0,0,0,0,0,0,0,0,0,0,0,0,0,0,0,0,0,0,0.009166500823989995,0.011305865107095721,0.013737751376448087,0.013961969214354577,0.01718923027616347,0.010643054211805307,0.009759240983568087,0.01061723812105486,0.009050992590558917,0.016867077365495902,0.014144804545871918,0.01445496477033252,0.014334950094405875,0.01657650763904881,0.01368622800686728,0.01615353937122679,0.01803124741193533,0.029686743319325488,0.02884781862523172,0.03059092094573181,0.0382478165615409,0.03471654335863775,0.049651281377691855,0.05671621284742042,0.0524378823476743,0.057081855296957966,0.04691642831229756,0.04640083828222646,0.0456705073594606,0.03904483308083686,0.036055053646163925,0.031245134710809426,0.030479089770156946,0.023883938526295116,0.017286664831876346,0.019686206642671403,0.01730590903384949,0.011779203362985087,0.009065279978586473,0.006266132591917395,0.004442833620496059,0.002670280129183738,0.001082749343470192,0.0015826263721774748,8.798738343250394e-4,3.3673657543862435e-4,1.1054160207752476e-4,7.651208895332945e-5,4.848124293151886e-5,1.7720340532264828e-5,0,0,0,0,0,0,4.09406492273027e-6,4.09406492273027e-6,0,0,0,0,0,0,0,0,0,0,0,0,0,0,0,0
1,1987,36.64,0,0,0,0,0,0,0,0,0,0,0,0,0,0,0,0,0,0,0,0,0,0,0,0,0,0,0,0,0,0,0,0,0,0,0,0,0.012982028195831434,0.01377843522863387,0.017717433115518648,0.020299264515927912,0.021673353374173362,0.01787940317046678,0.016945002451626345,0.019546117894378323,0.013436915600085033,0.016328146618979418,0.015833099428850195,0.012019150807226155,0.014711488347817454,0.015197719876048931,0.014416690667548004,0.01625782839856458,0.016220584662258446,0.01982373490053992,0.019728930461242404,0.02108616152415136,0.031610037812387685,0.0293873143177709,0.03922804471291147,0.035815952661957626,0.03853975680015425,0.05328067364296165,0.04682897158975723,0.046554093337032657,0.05281076003261191,0.039015002149787856,0.04358464821391962,0.03176950682140477,0.035732216400600286,0.027582581435120244,0.024003157255115252,0.022074035098458327,0.01560615301988429,0.013997536198844826,0.010813814003841519,0.008070339539017304,0.006785812559492582,0.004724481823065465,0.002108905410106663,0.0017392001464309388,9.536610893956082e-4,4.5124913710846393e-4,5.550450231766419e-4,3.142223332951232e-4,5.0535684531747736e-5,7.196274367064313e-5,4.676792611327552e-5,1.207184020436189e-5,0,0,0,0,0,0,0,0,0,0,0,0,0,0,0,0,0,0,0,0,0,0
1,1988,7.91,0,0,0,0,0,0,0,0,0,0,0,0,0,0,0,0,0,0,0,0,0,0,0,0,0,0,0,0,0,0,0,0,0,0,0,0,0.011836119107775744,0.019013773157099904,0.017140382477692256,0.03637797811036558,0.02085148938127899,0.018239949450045416,0.017934870052330222,0.024811994751122467,0.02666445996322428,0.022323392846484023,0.015174875798288657,0.011373132283089385,0.01203892628777753,0.009502454421176455,0.006887774531206305,0.007881662507891223,0.009447793418778307,0.019894858037767905,0.01691946829382847,0.017294643037996982,0.02882355617850342,0.03260524270134078,0.040354151965444424,0.044207646002585685,0.04268496774603403,0.05202984896889646,0.04975667754712666,0.046108513764963235,0.05484122837771313,0.03601220643294771,0.03400194475868323,0.02835547991037561,0.02451717046721129,0.03198639778345359,0.01669165826913879,0.015754551587553338,0.021912078121683238,0.012050902386058108,0.02219485141216221,0.005433156135328427,0.0041095317818824525,0.0066903979536268605,0.0021592461428295256,0.0025004848329582526,6.610984731800772e-4,2.42957007315888e-4,0.0010418368590487176,4.967073288556637e-4,2.8775882981679376e-5,5.368268492718137e-7,2.7714864168237643e-5,5.131520362249109e-5,1.9116161237561396e-5,1.4320643159680827e-6,0,3.5009055878946465e-5,5.368268492718137e-7,0,1.0743019756326162e-6,0,0,0,0,0,0,0,0,0,0,0,0,0,0,0
1,1989,63.7,0,0,0,0,0,0,0,0,0,0,0,0,0,0,0,0,0,0,0,0,0,0,0,0,0,0,0,0,0,0,0,0,0,0,0,0,0.020044924506917278,0.02134378682444248,0.02191185903232641,0.02061715959337687,0.020338273923043833,0.01825937300202938,0.020725313721655116,0.02886909871143067,0.025157164205848632,0.02930007081253904,0.0306654964521202,0.024739072824101222,0.02592920228057222,0.026759974814387827,0.020907187240405516,0.021879536444264828,0.018979089485992546,0.017710649088592746,0.021313690381306958,0.01594682409415908,0.01668722418074727,0.01631083193469878,0.020738056639542344,0.02901495527163539,0.023384791525355584,0.03127498814658734,0.03255533579177583,0.032831063695717304,0.047279722998282245,0.03380624216087861,0.03553313639764196,0.03555155464224564,0.03217599030189394,0.03378539459273327,0.01856761195048593,0.0187909929893094,0.022033143419919476,0.012509405297059272,0.017784473737414905,0.010314579184663115,0.006344852269330574,0.0068593874040868115,0.004281516606853599,0.0037551151232119205,0.0017056055794816745,0.0011117336196469093,0.0012319297796066823,4.8399560550573337e-4,6.639296347942364e-4,2.123428326692296e-4,2.3030629274347752e-4,2.27757546766442e-4,1.7460846262680227e-4,1.4301118949426014e-4,6.247642750143852e-5,1.0408774674215866e-5,1.0091335794920992e-4,1.0408774674215866e-5,2.0823321585031123e-5,0,0,1.0408774674215866e-5,0,1.0408774674215866e-5,0,1.0408774674215866e-5,0,0,1.0408774674215866e-5,0,0,0,0,0
1,1990,43.19,0,0,0,0,0,0,0,0,0,0,0,0,0,0,0,0,0,0,0,0,0,0,0,0,0,0,0,0,0,0,0,0,0,0,0,0,0.03958024073241813,0.03724523129249418,0.034905963548196355,0.029603932194157762,0.030828961579647284,0.03111604054108304,0.026000081421777635,0.02204636461420478,0.018622519431635648,0.018746980047262295,0.017133388021819244,0.020679217509835035,0.02478260531605546,0.020516729562578398,0.020787363047273744,0.02036168578182138,0.02250844510881933,0.022894559574291293,0.02254715864482966,0.017696865600124016,0.020873409170872367,0.015830487099111064,0.019016752072956916,0.020255421096253688,0.022223214118080533,0.0298154904693217,0.030923894731827748,0.03419154258621052,0.04087312916250093,0.03311207425153376,0.037155715784957195,0.029969983165196234,0.02584961591121916,0.02727542462249093,0.018028032261092574,0.01784138801708621,0.018586315901645285,0.0166547272542302,0.01385918344123121,0.0074365242123949765,0.006432820592856291,0.005220547127891856,0.003071060910825507,0.00312951117275826,0.0010488912155274192,0.0014365844992854353,5.435503018992423e-4,8.402670013835208e-5,1.0986436853367641e-4,1.9571566713771487e-4,1.9786016790464684e-4,9.366989806421709e-6,0,1.114866862509818e-4,1.4206605082982069e-5,0,8.325007071993193e-6,0,0,0,0,0,0,9.523086491317902e-6,0,0,0,0,0,0,0,0,0,0
1,1991,104.57,0,0,0,0,0,0,0,0,0,0,0,0,0,0,0,0,0,0,0,0,0,0,0,0,0,0,0,0,0,0,0,0,0,0,0,0,0.03733916851328721,0.04246095606863797,0.031533138640942274,0.049809841288500536,0.031919621919600176,0.03379460264468982,0.04155130897521204,0.03696673255547466,0.046620670348935966,0.02435853524849537,0.021782358708437276,0.02666604490396769,0.020199570695285163,0.023692606537567842,0.012166859696921365,0.010551602109356422,0.0173954306045075,0.01343196220269565,0.018789267016812834,0.013341653079003318,0.011501718362131031,0.015592392318769018,0.0135375761928145,0.017975586997454406,0.012406153168834977,0.010807583063252156,0.016574003148229544,0.015982601073511307,0.023665456220863242,0.01892591869571061,0.020101154303752467,0.03461951115792208,0.02577203869882241,0.036208831227761876,0.023979728389987864,0.018717388091466863,0.035344026962593235,0.022297783532390255,0.025635151324969692,0.010538318388963802,0.00807934120837154,0.008408454290447169,0.005683423748880996,0.006170139642222542,0.0019022114103747086,0.00142989967105275,0.0016214060583411745,8.423885270746371e-4,6.536308774594475e-4,1.4477930105641975e-4,7.278866021501602e-5,3.186867557673663e-4,2.8788621772044834e-5,4.78479342257492e-6,2.1896929102532737e-6,0,3.2121104710832235e-5,5.290780509748376e-6,5.610863585524982e-6,0,2.947575339311653e-5,7.138080250996862e-6,1.2985398244723545e-6,1.2985398244723545e-6,0,0,0,0,0,0,0,0,0,0
1,1992,111.18,0,0,0,0,0,0,0,0,0,0,0,0,0,0,0,0,0,0,0,0,0,0,0,0,0,0,0,0,0,0,0,0,0,0,0,0,0,0.03440598249998724,0.03672458393198164,0.05375425620417723,0.04422941281744636,0.04547657651323543,0.057281600989507894,0.05641163440768699,0.06144230274854725,0.04492077662626208,0.033303221472093705,0.036719891157121654,0.03108808406573487,0.02910903735699671,0.022273609750200905,0.020382343369967384,0.02014639648058759,0.016429451783152284,0.01596587827267097,0.00971499164814318,0.010532164331147027,0.011433388859412629,0.009363800033423596,0.013494443148902302,0.012220161060327056,0.00987200279376763,0.01187299446287993,0.011966174878087706,0.01290919013536849,0.011539683861003803,0.011601291798050946,0.017767171579940053,0.01685561146152518,0.024877311514575354,0.017242338727036347,0.018188601783201953,0.020923587447689622,0.017139104252909206,0.018657017486163496,0.012370386319570494,0.008920406764022533,0.008669708587965962,0.006344966278856329,0.005636809106477126,0.0033184911644013318,0.0017581348719673518,0.0017927190336880139,7.674964287779736e-4,9.558835330406685e-4,4.2407425642046085e-4,2.5444687642701177e-4,1.873872096911123e-4,7.616104844156099e-5,6.967004775221774e-5,2.1097844255986117e-4,0,0,0,0,0,6.208319025856342e-6,0,0,0,0,0,0,0,0,0,0,0,0,0
1,1993,69.87,0,0,0,0,0,0,0,0,0,0,0,0,0,0,0,0,0,0,0,0,0,0,0,0,0,0,0,0,0,0,0,0,0,0,0,0,0,0.049818623860394685,0.03713970403833607,0.03814271223788051,0.024159157708754472,0.026816738469957354,0.04314469200097887,0.041037092691165275,0.05521022947214229,0.03385427788461707,0.03611488167837313,0.047731747869807405,0.04025951583734004,0.04564828660490081,0.031660226032062797,0.02422009071895038,0.03621149252907681,0.025507790145453752,0.026992502474271506,0.017603233477391362,0.015773035203773097,0.018969669681743417,0.017970180427940033,0.01920035772850645,0.012250096196777246,0.010704339724497221,0.012752163977333484,0.010743558411153127,0.014290490367742907,0.00997807390874727,0.01137110187183438,0.01347121314403184,0.012184386723203846,0.021692017294484577,0.01657987130162878,0.016707227054640887,0.016722461467724267,0.01502169155474574,0.015561977623909231,0.010793150812889611,0.006102240578481194,0.007349323252399493,0.004134792165684344,0.003997394294132313,0.001509331308200572,0.0011578391665655074,4.6423695328939873e-4,4.6212226448479873e-4,4.573342456425208e-4,5.940148453936999e-5,4.614175226245107e-5,1.2150195425504675e-4,5.099894150666404e-5,5.2007504811005706e-5,2.5273924582816484e-5,0,0,0,0,0,0,0,0,0,0,0,0,0,0,0,0,0,0,0
1,1994,60.21,0,0,0,0,0,0,0,0,0,0,0,0,0,0,0,0,0,0,0,0,0,0,0,0,0,0,0,0,0,0,0,0,0,0,0,0,0,0.05373089545217717,0.031690337160506184,0.04408211811445107,0.02865942950406362,0.03361575189063672,0.044552122109506535,0.036812405601045525,0.04303766560607193,0.020365804544952813,0.024890472093768233,0.031528783455186976,0.02956848222880502,0.03611397348194695,0.02766455296054419,0.02780618838967922,0.03361097180922696,0.03449288790653743,0.03203451483396355,0.025976772752541,0.01877661965131216,0.022333015554751413,0.02143257000096392,0.02017261727073461,0.015160237835921473,0.01336938779692935,0.01595912892159899,0.012748123957417031,0.014764330421307386,0.00998236735908236,0.01196767077963255,0.01534757298552469,0.017602822457910235,0.021692552551468847,0.019345577094953676,0.018915066086674405,0.024082416649899255,0.01569404151217693,0.0162658965080939,0.011575347929683079,0.007784642556184416,0.00592733717730858,0.003707928147489758,0.0023478014159377526,0.0015725213735443917,4.7102835155439103e-4,4.844849123072955e-4,1.866738234982745e-4,4.735699209505059e-7,9.561545060681626e-5,0,0,0,0,0,0,0,0,0,0,0,0,0,0,0,0,0,0,0,0,0,0,0,0
1,1995,72.46,0,0,0,0,0,0,0,0,0,0,0,0,0,0,0,0,0,0,0,0,0,0,0,0,0,0,0,0,0,0,0,0,0,0,0,0,0,0.03066397217819317,0.021266428336682377,0.02207040541287631,0.032555882493957695,0.031342896477928164,0.04236702624331692,0.03666557055609624,0.039823007206989926,0.04278273905413194,0.039565614353593716,0.036763777459976485,0.037297507283113346,0.04260856165755616,0.044994456899441836,0.02995942424745452,0.03431576859803571,0.03864090700405809,0.03170504278975802,0.033569634233446284,0.026451414946033616,0.030187145884733174,0.02785343739930434,0.02955234682512856,0.026265197661167035,0.014258916090985218,0.012120774745397689,0.012431422452634708,0.01327530505820171,0.010588985015717497,0.012965498708411958,0.010408659965691243,0.01218836931925666,0.016319989697503565,0.015025707519460084,0.010015557939811801,0.010236820331956912,0.010097765940689037,0.008210430090526103,0.006337532845301497,0.006184371624300682,0.0031563431272176334,0.0017822006892640341,0.001874699264312935,0.0016855094844598695,6.796056456195874e-4,2.5193375666263015e-4,3.3466818822828174e-4,2.0792003928845606e-4,4.6861858552520064e-5,1.679818483015489e-5,6.486097537846937e-6,4.463142517797236e-6,7.577876944094153e-6,2.2315712588986186e-6,0,0,3.371409794057774e-6,3.371409794057774e-6,1.6857048970288873e-6,0,0,0,0,0,0,0,0,0,0,0,0,0,0
1,1996,111.8,0,0,0,0,0,0,0,0,0,0,0,0,0,0,0,0,0,0,0,0,0,0,0,0,0,0,0,0,0,0,0,0,0,0,0,0,0,0.005368574243646499,0.0052769414389980595,0.007907096195896359,0.01035556574990984,0.016323839934985936,0.027734816235897606,0.030517430130182273,0.041918335523772596,0.04698547668367597,0.060043827112328134,0.04183258778371719,0.042090175576986515,0.04137792576574134,0.03966730589886928,0.03346562909358277,0.029691418811196045,0.02873310850593503,0.03373717286005094,0.03717243325964557,0.028274003787181576,0.04084393194689405,0.02599970953819833,0.02764964946931202,0.03253140914094671,0.019584350046673023,0.015990928768587043,0.021405032221595618,0.01740014345927478,0.01734239615627007,0.014206781255375755,0.013265763348432116,0.016029351630274396,0.017609709859489578,0.01790461534953753,0.013189243133151325,0.011786595608295784,0.01448546178849772,0.013694121499502875,0.00958102554976317,0.009073232868301456,0.01118080716578235,0.004216639450669007,0.0035496078716863596,0.0015338055986858824,6.311257779140034e-4,2.9847735434969293e-4,1.6723624023884048e-4,2.453311731383046e-4,7.342399669693247e-5,3.097771802972374e-6,5.402070837183308e-6,7.784407919648813e-6,2.1444363226494302e-5,4.615543069672761e-6,1.4466782196967144e-6,1.4466782196967144e-6,0,0,0,0,3.946218907414119e-6,2.8977632252065434e-6,2.8977632252065434e-6,1.4488816126032717e-6,0,0,0,0,0,0,0,0,0
1,1997,111.8,0,0,0,0,0,0,0,0,0,0,0,0,0,0,0,0,0,0,0,0,0,0,0,0,0,0,0,0,0,0,0,0,0,0,0,0,0,0.016260766013351656,0.018883526654145638,0.014078147333808091,0.016963464171280834,0.024102837683757254,0.02673978046208667,0.027023165047293168,0.040618750499715,0.046106863200506824,0.042063995047489526,0.044440213610304057,0.0432561018230653,0.0417914832093309,0.038127995466248586,0.03231689734138565,0.03434011835722937,0.03146606402254162,0.03422371047778327,0.03764417118957873,0.03552598621283906,0.031732380316563856,0.02883839629458518,0.03386893730271476,0.029167277975614275,0.02232495227288128,0.019071574413289074,0.01885371661524039,0.018367311582042262,0.015004853325717514,0.01323130462534726,0.011799189134799333,0.009038482234953484,0.011734478796155148,0.01407078729815089,0.014649039059263581,0.01213075674002236,0.0109107118776638,0.010372383287522016,0.008859039397172789,0.006513072433897344,0.0036616726630798128,0.0026702690641886803,0.0031062147798653302,0.001409663855924576,7.666713988943792e-4,5.570449496751787e-4,5.825915871655635e-4,3.8979602592472166e-4,1.8914427571037766e-4,6.925493837802785e-5,2.7182536279709752e-5,2.9234417377474638e-5,7.799475272406386e-6,6.062132127398379e-6,5.939968574686402e-6,0,0,7.195055048306432e-7,0,4.418237352110599e-6,0,0,3.6373813668682016e-6,0,0,0,0,0,0,0,0,0,0
1,1998,111.8,0,0,0,0,0,0,0,0,0,0,0,0,0,0,0,0,0,0,0,0,0,0,0,0,0,0,0,0,0,0,0,0,0,0,0,0,0,0.01768699065296742,0.019554138897946317,0.02096795631702703,0.0284997426585149,0.025647687536685726,0.02488313757219994,0.02368038723565707,0.027872556325850777,0.026107076347519992,0.023385308808538164,0.024846763195767143,0.03511820134495923,0.029810994933969704,0.032768875811615215,0.029141642237230793,0.03173852261052937,0.03179548747019855,0.03588622829015758,0.04392925024331193,0.035391352213290574,0.03511045092238593,0.045211122349165904,0.03999585309150363,0.04129625568689705,0.03012992335448374,0.024452421609176208,0.019912956653886826,0.0260000774159793,0.021943078906613785,0.018227665225152505,0.016405319081873315,0.017099973051410342,0.014934239385232013,0.015519666216249966,0.011367797500672032,0.0072006644938497726,0.008586490738871909,0.008989074770825655,0.00682479179327474,0.007598914811846788,0.003513396971521776,0.0031033072865298793,0.0019385997659576723,0.0013936902145250535,0.0026907767689919476,0.0010598699861746265,2.781328514825484e-4,2.771991809220991e-4,8.066454544666475e-5,2.8707361232599895e-5,1.5622586913452623e-5,2.5953571250705176e-6,5.708000382687538e-5,2.021036309041574e-5,6.314509747487686e-6,0,3.678282373288283e-6,1.4832798025822958e-6,3.4851008532973013e-6,0,0,0,2.7418449821873498e-6,0,0,0,0,0,0,0,0,0,3.4059752120788464e-6
1,1999,111.8,0,0,0,0,0,0,0,0,0,0,0,0,0,0,0,0,0,0,0,0,0,0,0,0,0,0,0,0,0,0,0,0,0,0,0,0,0,0.02453609364021198,0.019432194731940498,0.01961095127509801,0.026016546272568733,0.026649087957622993,0.023740084113151812,0.026994004129775342,0.03405634664505812,0.03835328791776962,0.036221233907959484,0.02734271427869626,0.020659131383190487,0.024403367576853335,0.017028567829507527,0.015639676886020977,0.017979326740194937,0.02237607844827049,0.02847033981516371,0.03925312108189314,0.03483889557837494,0.042553763253852156,0.04171663327120073,0.03495416424900004,0.04456339196261534,0.0287817562898917,0.028562582208834994,0.026424354322149898,0.020608397026046603,0.026680502310935883,0.016388584276621033,0.01174909973100773,0.01975173091992487,0.028481976663568356,0.01457790693619263,0.011953764428040317,0.010649069913523483,0.012790262951403418,0.008912527353409293,0.007921813448030807,0.008050844214202654,0.009198850467505933,0.0042071890357974024,0.003069686854683472,0.0022237251582118266,7.98432312180173e-4,3.2882673085007024e-4,4.332048782436142e-4,0.001166159415870432,7.306664462655424e-5,5.247645341187923e-5,2.6998415169467308e-5,1.2379852487013763e-5,2.343149091380451e-5,4.619915900727472e-6,0.004274838428721234,0,2.7681525601071213e-5,3.293095549453454e-5,2.044379868208429e-6,0.004293184692235852,0,2.5709775936617097e-5,1.2854887968308552e-5,2.5710647859952723e-5,0,0,0,0,0,0,0,0,1.1821140687712572e-5
1,2000,111.8,0,0,0,0,0,0,0,0,0,0,0,0,0,0,0,0,0,0,0,0,0,0,0,0,0,0,0,0,0,0,0,0,0,0,0,0,0,0.015042056859251888,0.021909761635958966,0.03888777966932935,0.037538184180223914,0.04434478999115692,0.032560664951810724,0.03214965505161944,0.03697287517224224,0.02850477018023048,0.026691212773017902,0.029725832441674267,0.027109830221286095,0.02711653291517339,0.023206831817144075,0.022269976796645077,0.021376273810921713,0.022005386555789406,0.023244792013690948,0.022916979152766807,0.027256779394822774,0.027043947268316104,0.03898341253465409,0.04256894360045465,0.03899151563343868,0.03575478373686236,0.028799302563820267,0.02948285107144744,0.0385649794773086,0.025210695391651963,0.023716823986999425,0.018143240389058207,0.012164039841312143,0.013813785326714937,0.01106925578411639,0.010881895678122868,0.008804256385199417,0.007006519288413381,0.009172093141839706,0.004033537893555939,0.0035141809233308913,0.003239657440278944,0.00406791764275409,0.001418608011670702,7.30241449027533e-4,4.727779536279859e-4,4.805282577598047e-4,3.623446965741652e-4,2.934312933194343e-4,3.3200935328914016e-4,6.505169096580853e-6,2.2568575053896602e-5,8.586471476166272e-7,1.2398488237326186e-6,5.435840440177936e-7,6.666096233226688e-7,0,5.846391965065563e-6,8.7376973620163e-6,2.9231959825327815e-6,3.143229023707969e-7,3.143229023707969e-7,0,0,0,0,0,0,0,0,0,0,0,9.400354207516226e-7
1,2001,111.8,0,0,0,0,0,0,0,0,0,0,0,0,0,0,0,0,0,0,0,0,0,0,0,0,0,0,0,0,0,0,0,0,0,0,0,0,0,0.013119419142481874,0.02053717748846641,0.024093998953063623,0.02467857483855492,0.026254938268013672,0.02500372115921438,0.037268130685536395,0.04423880030195926,0.04566229622469163,0.032692391343433935,0.03733192478549009,0.033498803511417,0.03327271816693674,0.029796362167184835,0.023291981775340725,0.021948864187443237,0.023117526135987092,0.026861126350911084,0.027804611361388454,0.020147710877291256,0.024524867082071095,0.026855386486325197,0.02866919903703476,0.038782962557389875,0.03176668496348785,0.04132669999858558,0.031193687553351442,0.029622040063415116,0.03400743429160502,0.020147945585668403,0.017383053078249864,0.018920748709282204,0.01664187636165749,0.01444881660132862,0.011017352590703485,0.008753823422212655,0.006302567626043944,0.008386073734313213,0.005116371665444451,0.002750208241483653,0.0020908144937771002,0.0018674617524854257,0.0018936508827440118,0.0015517814397457556,9.113627676254476e-4,0.0010008746689747175,0.002489863671648558,2.98026156873905e-4,1.8530882580130575e-4,1.421226114607396e-4,5.612446069826422e-5,1.3043485691463212e-5,3.2187108245409586e-5,9.662596466074291e-6,3.982748539499045e-6,3.264840184692323e-6,1.9866951918093731e-4,8.15252260252533e-6,4.631933534832214e-6,0,0,0,0,0,1.3613925893570299e-7,0,0,0,0,0,0,0,0
1,2002,111.8,0,0,0,0,0,0,0,0,0,0,0,0,0,0,0,0,0,0,0,0,0,0,0,0,0,0,0,0,0,0,0,0,0,0,0,0,0,0.017594380707114922,0.019056476444824683,0.024576430501607554,0.02721488868539146,0.02374962225089472,0.01990484658525138,0.025450240504922627,0.029424838206537095,0.02912656104723153,0.028634755443128716,0.030445772399125125,0.030264344236635245,0.03785236748571301,0.03521636987667604,0.035886923094388894,0.03446345305735879,0.03504615791763826,0.038960490641609016,0.041229427625140466,0.036445501128081106,0.03240874528787738,0.03438066168292507,0.03569642860268425,0.031228002324011263,0.030921530452010838,0.027694046124291348,0.02688930161381147,0.028725392406618325,0.025633313212472378,0.02164900416346533,0.015671404877017573,0.018357100320111463,0.0161155612987584,0.010837902105553326,0.010216700613344738,0.006731849951179294,0.006336306804564601,0.004972236326028327,0.0030435685667020824,0.002502437678374737,0.001505919959974654,0.002224863498385094,0.0021278210562537202,0.0010298224971761777,3.0791728821876553e-4,2.6804217904470524e-4,5.784325716044419e-4,5.15942376607125e-4,2.607799955284008e-4,7.467902120588875e-5,1.4054291417612438e-4,9.583150069616419e-5,2.1349357528359418e-4,3.1778519379978376e-5,2.5223887890758315e-6,0,2.3730094171330163e-5,2.3730094171330163e-5,1.1865047085665075e-5,0,4.42078238577526e-6,2.5223887890758315e-6,0,0,0,0,0,0,0,0,0,0,0
1,2003,111.8,0,0,0,0,0,0,0,0,0,0,0,0,0,0,0,0,0,0,0,0,0,0,0,0,0,0,0,0,0,0,0,0,0,0,0,0,0,0.0036257703474373267,0.004583489860401756,0.006756498874729646,0.010777682946802043,0.011798388605265678,0.013828627253092222,0.02441874183180873,0.031190920352726904,0.03397597773490864,0.03893603983754063,0.0451828949956738,0.0349038327991787,0.04164078939950444,0.03697019330728331,0.03572337052197864,0.039890825379805914,0.04071286202726752,0.0456112151296409,0.044974269790620955,0.03648570313324579,0.034953807423602615,0.03416218801814491,0.03098095959776312,0.02923776000853315,0.024919349905921786,0.027736732428816933,0.025256419377538766,0.029979759184129776,0.027318003124345666,0.021700526076114626,0.022689608887835184,0.03260978453116781,0.012740835591519988,0.013787970117615306,0.011790475734173814,0.008636909806694931,0.006195492414340823,0.005872384196007172,0.00443070580424826,0.0025094412839181783,0.003666072046010336,0.001495605949647659,0.00247406381007714,9.482928689411157e-4,3.0964038321830027e-4,3.1207959266959026e-4,4.833584794787821e-4,2.0381687910679428e-4,4.503624339637711e-4,8.191918611930007e-5,5.5159504332234146e-6,3.09267237647766e-5,6.431177227947e-6,7.197642768394364e-7,3.365243129050017e-5,1.6695458799741143e-7,0,1.677278399666377e-7,0,0,0,0,0,0,0,0,0,0,0,0,0,0,0
1,2004,111.8,0,0,0,0,0,0,0,0,0,0,0,0,0,0,0,0,0,0,0,0,0,0,0,0,0,0,0,0,0,0,0,0,0,0,0,0,0,0.011074382644982575,0.016760868068841896,0.01607563508165121,0.015341334872834523,0.011233929162552727,0.013837413320548532,0.016903151623131805,0.023256482025544298,0.020512461321214304,0.027834887064518626,0.03216025764958912,0.03360777377855692,0.04494862695460999,0.04210869652303849,0.03987549652761312,0.043658649134392345,0.04096260505678171,0.04532615161432807,0.04639976124273338,0.033751256302420055,0.03595286795519309,0.037540807150876876,0.042901338306378455,0.035170166056185476,0.02756187539503585,0.02918601573619885,0.028623426090860122,0.030872705157181466,0.02535806204995017,0.019886409035737147,0.016112628467940225,0.019454727619230578,0.016225572452960992,0.015202860819437227,0.00817937258165707,0.006948663156116516,0.00930658770297654,0.006215978584389462,0.00562135824437738,0.0016366519366306106,0.0015903469396595109,0.0011770245337931347,0.0015888188748584447,7.263344438412786e-4,2.966679802061071e-4,2.7900985748919807e-4,2.725831057207929e-4,3.0769340839329894e-4,1.0241835417985707e-4,2.0563287892081017e-5,2.955684828679848e-5,9.125512742950933e-6,1.1363518316380206e-5,0,0,5.988654224306099e-7,0,0,0,0,0,0,0,0,0,0,0,0,0,0,0,0,0
1,2005,111.8,0,0,0,0,0,0,0,0,0,0,0,0,0,0,0,0,0,0,0,0,0,0,0,0,0,0,0,0,0,0,0,0,0,0,0,0,0,0.015129062664117584,0.014600060661702975,0.019272605521623586,0.021980950766990647,0.01749023460565837,0.03137433073096752,0.022672607989982132,0.032112962858023404,0.03063494277080523,0.020901424445134223,0.024465104488607413,0.023245563896823897,0.018820750786547685,0.019071227389670663,0.01930128874628109,0.02301421871951941,0.023903631602293772,0.033218678561932925,0.045132713678245076,0.03813593563421407,0.035222247480606865,0.04729646097810822,0.040875524059678425,0.053713376177776655,0.04019062628318444,0.0361307364486069,0.03506786626985794,0.03161917126635823,0.03224950770631454,0.02720770982771896,0.022931537273156572,0.019575154547008016,0.01823215318433162,0.014358272268921708,0.011337874825834688,0.0072953340513796676,0.008889419904354351,0.005472195682517424,0.006652379796167595,0.004352434821142039,0.002581639664287838,0.0013467346342589304,6.272761417706003e-4,4.930674600200788e-4,5.436766291538254e-4,2.0765737859621523e-4,6.993279122613843e-4,1.9854065949723726e-4,6.0184601576315596e-5,6.8011349489516315e-6,8.815658465439122e-6,6.453180574389343e-6,2.3149088777541896e-6,6.774230057078734e-5,7.441814868766663e-7,7.441814868766663e-7,0,0,0,0,0,0,0,0,0,0,0,0,0,0,0,0,0
1,2006,111.8,0,0,0,0,0,0,0,0,0,0,0,0,0,0,0,0,0,0,0,0,0,0,0,0,0,0,0,0,0,0,0,0,0,0,0,0,0,0.04303790406579884,0.040982512704902274,0.030248780341196407,0.021587962230812628,0.010100072912245493,0.013295458105123446,0.013605748929160442,0.019663454845029047,0.019624843510086223,0.017926271682396182,0.0160603091009623,0.009836320622323855,0.014075260463944972,0.013220930624887313,0.009473868426148897,0.013179011697630435,0.016475188954271833,0.020434857010954145,0.017942199130771084,0.019354234535750078,0.03430002335888942,0.030663781564638466,0.040777359091920026,0.047326761584138295,0.05942997917752064,0.04531702882214588,0.03641981603868851,0.040174889688174266,0.046146627947974514,0.03333539331467068,0.03948425376578537,0.039422130986036294,0.030777993372676345,0.020418719440036072,0.01636330511175216,0.019477272495383148,0.00856045881165121,0.010520047014322896,0.00493407990475809,0.0034264902613419246,0.0030609880346022375,0.002301029020880169,0.0016859700965050869,0.002209302970953326,0.0010891871072647974,5.368225794546896e-4,5.786383176057342e-4,5.173353873611016e-4,4.3427838506094794e-4,1.1249825061965616e-4,0,0,1.4866735404533652e-5,0,0,5.748146738743135e-5,0,0,0,0,0,0,0,0,0,0,0,0,0,0,0,0,0
1,2007,111.8,0,0,0,0,0,0,0,0,0,0,0,0,0,0,0,0,0,0,0,0,0,0,0,0,0,0,0,0,0,0,0,0,0,0,0,0,0,0.03223732189849976,0.02597439580780098,0.022755388297046326,0.03299753259110259,0.03815015826630685,0.043288652588632154,0.047666533695659666,0.03889282872633891,0.030579327297984557,0.020126421153473056,0.018732649181680834,0.01746841716713413,0.021702713222750563,0.022756556879991594,0.015855058059593967,0.013190697892055675,0.015323658481620213,0.01842844715574569,0.019666807079741565,0.019688225608575253,0.02345267102041863,0.020922510932138243,0.03199663023626641,0.028859668924983796,0.045373246102479246,0.03550167623553331,0.03533902072587213,0.04107271417762788,0.03266029788132369,0.031752437298238984,0.020138879499309894,0.02362520989413725,0.01768178634235353,0.01687736834460575,0.012310478847337544,0.01890929208497917,0.009583725504887411,0.007562637141992781,0.006789617041567179,0.008576480027901075,0.0029771399180521067,0.002407476420145829,9.520372261645662e-4,4.0738072045035806e-4,2.5336596414430034e-4,1.4664417487416024e-4,7.01786317664668e-5,2.720391710870736e-4,3.1914338118692385e-4,1.4703579649966153e-4,7.4128541521926165e-6,0,3.1746139419474607e-6,9.68674647610752e-4,0.003627722431710524,0,0,0,0,0.0029677942806565945,0,0,4.640451868077644e-6,0,0,0,0,0,0,0,0,0,0
1,2008,111.8,0,0,0,0,0,0,0,0,0,0,0,0,0,0,0,0,0,0,0,0,0,0,0,0,0,0,0,0,0,0,0,0,0,0,0,0,0,0.01969832891506911,0.015792793776572382,0.017842836436627218,0.02007304409059433,0.02183464170016699,0.022449506971529365,0.022530572828319672,0.02395091662895226,0.028718712553270586,0.018965619557525636,0.01617367718411572,0.02020463281215637,0.029451425154522603,0.02778683011909143,0.02439102630296742,0.018989129698941044,0.0191810184012586,0.01950324314508914,0.022759113664268454,0.023066002574026915,0.021857731982763584,0.028382668110581776,0.04309067918998741,0.04175525791431398,0.04562600017375245,0.04753888482130868,0.05510021716162018,0.052258972954981255,0.05001033670681457,0.03921923617156117,0.028178736971372815,0.027384496032979475,0.025585635230475696,0.016536284606729266,0.010626704751559373,0.00770493746677143,0.008010341551067406,0.004396993825633294,0.0034989452207853477,0.002470656651049107,0.0013136868043705984,0.0012590987115482666,0.0015728673362385176,6.513572811745417e-4,7.113652432959258e-4,4.0678214942953744e-4,2.164833467106067e-4,3.057437302908149e-4,8.053414081729177e-5,2.1002638768745547e-4,2.563312064572408e-4,1.6274183149924177e-4,5.23841272550117e-5,2.8986785175211032e-5,1.4493389268207364e-5,7.578147597360868e-5,3.789073798680434e-5,4.665530364798543e-5,0,0,0,0,0,0,0,0,0,0,0,0,0,0,0
1,2009,111.8,0,0,0,0,0,0,0,0,0,0,0,0,0,0,0,0,0,0,0,0,0,0,0,0,0,0,0,0,0,0,0,0,0,0,0,0,0,0.02360686152404271,0.03082829657092431,0.03712143356885202,0.0476166610950534,0.044165832412504595,0.044933011350612014,0.045961560629817245,0.05492616103007252,0.036297391773705355,0.04010549865711505,0.03874587243573549,0.03272710337827592,0.033608940380188704,0.032196556077490834,0.022541110328688743,0.019835469769044274,0.016393601478466146,0.023506416652626025,0.021255706483076783,0.0139884902965992,0.011774570374969187,0.017530623008364353,0.025074678496344135,0.023611559731768275,0.025712845465858652,0.024919521788305598,0.02378861010831393,0.032567912166344734,0.022999095045494446,0.024676109572250686,0.01865923849297334,0.022225040848721702,0.015896385452855006,0.013131146437627906,0.007972053618529287,0.0061619731633171535,0.00420252922741501,0.004013965070861735,0.0024058037251864397,0.0024556433036416253,0.0014137396280473227,0.003917942531728153,6.408951023509866e-4,4.04259032524248e-4,0.0022158033200209816,5.095832879805721e-4,2.558708491120306e-4,2.576622564009935e-5,6.896904081071324e-5,6.926730080399427e-5,4.327535022957194e-5,7.652121732099824e-5,6.226555597971179e-5,2.2030148653145837e-5,9.418667036224448e-5,2.858272655977562e-6,1.917187320024063e-5,0,0,1.631360054426307e-5,0,0,0,0,0,0,0,0,0,0,0,0,0
1,2010,111.8,0,0,0,0,0,0,0,0,0,0,0,0,0,0,0,0,0,0,0,0,0,0,0,0,0,0,0,0,0,0,0,0,0,0,0,0,0,0.00957973843392329,0.00965100708806419,0.022641215865451415,0.031633077015014346,0.0329119931094739,0.043596307428151425,0.043739240065098925,0.056313273298431284,0.07611200936442201,0.08711657021960287,0.065453791079236,0.05063350039939086,0.05041396098430433,0.04483735664654168,0.03749933354192756,0.03657689448098605,0.02106843776105501,0.023308746563687956,0.016754765744843716,0.013652910128913983,0.012027526837454627,0.012390219013266115,0.014143108398261819,0.013126070039332435,0.01467341174174669,0.014106437856592801,0.012683816870432784,0.016576445473261536,0.014200862914352828,0.013370228628252235,0.01660514022687709,0.010811769228748094,0.016280770656583038,0.008529223693993424,0.007110439703761929,0.006216184980756016,0.005446262588458892,0.006555591221409488,0.002175539727830628,0.0012399965897394642,0.0024725983308100793,0.0018548415359103381,0.0012016424021306367,9.540197233979411e-4,5.626547700432596e-4,5.439553756840766e-4,4.965744798694474e-5,1.0860361322931828e-4,1.4663970165748415e-4,6.427874218988715e-5,1.5699078498046873e-4,7.771015308760033e-6,2.2961449223196357e-5,0,0,0,7.414795640027734e-5,0,0,0,0,6.424616565946057e-6,6.424616565946057e-6,3.2123082829730286e-6,0,0,0,0,0,0,0,0,0
1,2011,111.8,0,0,0,0,0,0,0,0,0,0,0,0,0,0,0,0,0,0,0,0,0,0,0,0,0,0,0,0,0,0,0,0,0,0,0,0,0,0.018308728070523476,0.016553756639228985,0.02359855090224659,0.029612384238307945,0.039418701171077535,0.03213044784487864,0.03530765807442926,0.048008229754788315,0.04363831373191289,0.047075274635204216,0.05405578379261264,0.05114709977561717,0.08095131024441743,0.0648785357443593,0.06641033760475283,0.044824678058604135,0.04281935959764001,0.03659437959712782,0.025759643648562418,0.019717101914592198,0.013458414249048995,0.009515525873003585,0.014246685667143573,0.010534881292247866,0.012095570165469569,0.013186558064017594,0.007906500681234357,0.012247590510966369,0.021637486946446134,0.010199096328290967,0.007537277573274794,0.008363568832609363,0.007001194172204292,0.0054887197128368,0.009321400920915395,0.004084724910071852,0.002174431760044073,0.002804597167400415,0.0014993916054503802,0.003051784831622796,0.0010752035769209605,3.8911605745087257e-4,6.851669177005853e-4,3.122956110538014e-4,3.061333290625989e-5,1.287530361468519e-4,2.606497429750662e-5,3.981145175981923e-5,2.1863193188474316e-5,8.563439827811525e-5,0,0,3.698100163637364e-5,0,0,0,0,0,0,0,2.8201434778149477e-6,0,0,0,0,0,0,0,0,0,0,0,0
1,2012,111.8,0,0,0,0,0,0,0,0,0,0,0,0,0,0,0,0,0,0,0,0,0,0,0,0,0,0,0,0,0,0,0,0,0,0,0,0,0,0.02483267708064397,0.029902763661696797,0.035823331866242696,0.04045026254063946,0.03852249556031642,0.02497821288514771,0.020949924583575606,0.02891422512806102,0.030118640201231627,0.02816122541480067,0.028186320194813305,0.02675433453790544,0.036442311052113235,0.03691584990954855,0.04906170631605227,0.04572621580566601,0.049238959093498125,0.061174477352275734,0.07408891892719574,0.051374269086067646,0.04236369453026325,0.02700395964369327,0.035499573389563124,0.01564640646006548,0.011909161307893781,0.010985235804844187,0.012417753870588225,0.011665376007814764,0.010587693789677001,0.009983668722454667,0.007080061235861982,0.009176025705046774,0.007982332355971405,0.005671634153143076,0.005587201841210237,0.0032680422558315505,0.0035723619993635767,0.002980325250005495,0.001317600068401876,6.068201057371637e-4,9.106425472465117e-4,5.777255538442732e-4,2.3954854467914293e-4,4.9211634478469e-4,1.6271656698164453e-4,2.0766697122885896e-4,1.6220835360873483e-5,1.0483422780274915e-5,9.5792827002518e-5,9.59352611415601e-5,8.974371980770015e-5,0,0,1.7298225084135622e-4,0,0,0,0,0,0,0,0,0,0,0,0,0,0,0,0,0,0,6.375459376861025e-6
1,2013,111.8,0,0,0,0,0,0,0,0,0,0,0,0,0,0,0,0,0,0,0,0,0,0,0,0,0,0,0,0,0,0,0,0,0,0,0,0,0,0.010999838641927561,0.014394608233959159,0.016635570018933676,0.02195729434450209,0.024070186847142384,0.019129320974968587,0.025232081468469458,0.035012750495489,0.03848488943607067,0.035916849756191346,0.028375685985343332,0.02522304838115979,0.03122314233721712,0.02299780208313913,0.027041455651662626,0.03335168774787497,0.043218680970710334,0.050150441124764106,0.05326521365275249,0.06598766661232444,0.06534194823889311,0.0459181986947359,0.042923969527945645,0.04131412108418079,0.026749941264999185,0.019406030404968175,0.017127049013611718,0.017913169153808924,0.016077324460608455,0.015020314924237013,0.012641588377610974,0.010087206858771618,0.013736858771286086,0.008437806309102767,0.007590857777018484,0.004546400318791709,0.003209341882481581,0.0023075642310476153,0.0013664894978676467,0.0011705545562763519,0.001246399088295842,4.23209402887162e-4,0.001596384685651723,7.792672616239577e-4,9.715712964624992e-6,2.442684573312502e-4,1.1481385495079802e-4,1.364336951077397e-5,1.734805393799299e-5,0,0,0,0,0,0,0,0,0,0,0,0,0,0,0,0,0,0,0,0,0,0,0,0
1,2014,111.8,0,0,0,0,0,0,0,0,0,0,0,0,0,0,0,0,0,0,0,0,0,0,0,0,0,0,0,0,0,0,0,0,0,0,0,0,0,0.013889809275472065,0.019846426217325127,0.029993491592201556,0.027655331186483903,0.024344195410361195,0.02190829875284487,0.018834071630739788,0.030757747422835637,0.027467124810516958,0.031150747190277207,0.024009257609383664,0.027496895170665146,0.037551460922435116,0.03926701325476302,0.0394922856282655,0.02752424677021484,0.028485742856539886,0.04170741679281156,0.05593619392937697,0.04802816992801325,0.052296390231168804,0.05155419771894103,0.06453306680178521,0.046027962927748835,0.034825373575253754,0.028302158875328026,0.019602456395172035,0.01947432992382544,0.01461053136020476,0.009112169861387878,0.007148162154244925,0.010428467271375476,0.006894760877995643,0.005340888345221373,0.003915560684483716,0.001959501038800147,0.0024347620960154847,0.001723061982860464,0.0012021009584812163,5.98404410834073e-4,5.677463266878067e-4,3.560481842092612e-4,0.0014046557381022747,1.646510117553495e-5,5.7081944204211824e-5,5.6795012571046486e-5,3.062307241760844e-5,1.3049393120991595e-4,3.7662877865182914e-7,0,0,4.738553185419383e-6,0,0,4.4741664802534384e-5,0,0,0,0,0,0,0,0,0,0,0,0,0,0,0,0,0,0
1,2015,111.8,0,0,0,0,0,0,0,0,0,0,0,0,0,0,0,0,0,0,0,0,0,0,0,0,0,0,0,0,0,0,0,0,0,0,0,0,0,0.0033320956512437627,0.004827109834521696,0.008909165386772592,0.013618763430197172,0.02559215221089236,0.03845990764858852,0.04406822348765399,0.06984358408908503,0.05243832706161124,0.053947082161367385,0.048403884116715826,0.039926463769138144,0.04712960225482694,0.042080537555258354,0.04070930029199672,0.027800225260366445,0.02760905634105963,0.03574145292696482,0.03658477171350555,0.03886518063971107,0.04384280429170813,0.03671677334574846,0.05119779863120679,0.03560126272226137,0.0302789047369404,0.023437019958536656,0.0157753547488528,0.012244011580734574,0.008236936629418908,0.008740225874419564,0.0062471474495303094,0.00514220700527495,0.005348537754425551,0.005086706067375544,0.0027311708023096,0.003577404514734403,0.0016206253408833106,0.00231398636128707,6.224425187515725e-4,3.898816726260439e-4,2.5830042595553315e-4,4.3021577554391827e-4,1.0792773095802654e-4,5.684536914633948e-5,3.052454068917126e-5,1.3841296846419467e-5,4.8278430430329e-5,8.880294668037198e-6,2.2902430313785763e-6,0,0,4.80805422787884e-6,0,0,0,0,0,0,0,0,0,0,0,0,0,0,0,0,0,0,0,0,0
1,2016,111.8,0,0,0,0,0,0,0,0,0,0,0,0,0,0,0,0,0,0,0,0,0,0,0,0,0,0,0,0,0,0,0,0,0,0,0,0,0,0.010957637167694533,0.012312792507244935,0.016298785755904044,0.012733071978966939,0.012407696099680553,0.009418160994965136,0.014721156340024183,0.022756520700101677,0.019720739726110867,0.033396786965391174,0.04584999997808792,0.0470589290954123,0.07641163089841747,0.06029214838195232,0.06103463289702628,0.04677827965532273,0.03989510380465255,0.049952380518672145,0.04624470146550365,0.041629343966653035,0.03711126189574221,0.03246431579339093,0.044237124387734895,0.038584723743661405,0.03926716122002393,0.02520737772502371,0.02050712934204641,0.018666835585868246,0.011935581732862357,0.010661639287704314,0.00782671767835511,0.006958906718380669,0.0066523719205177755,0.007024305844833205,0.004979609903946507,0.0017216471540176601,9.794230241037293e-4,0.0013039562175140254,7.205692855476464e-4,0.0018249555962420731,7.19469774080402e-4,1.987031287217565e-4,3.5247400256163957e-4,8.06080225020506e-5,8.288046705786173e-5,2.494743379780072e-5,1.350662625186072e-5,0,1.723860864067021e-6,8.924933998745595e-6,0,0,8.924933998745595e-6,1.723860864067021e-6,0,0,0,0,0,0,0,0,0,0,0,0,0,0,0,0,0,0,0
1,2017,111.8,0,0,0,0,0,0,0,0,0,0,0,0,0,0,0,0,0,0,0,0,0,0,0,0,0,0,0,0,0,0,0,0,0,0,0,0,0,0.016867206952422647,0.014204847399338145,0.018169513306475496,0.024582387876577932,0.026871242225307464,0.024756913840086565,0.023112169213261174,0.027117132533966047,0.027883447744049918,0.023637866669224225,0.018530947737094475,0.018211683741366336,0.03331179771064865,0.033626704427030064,0.052436581355787173,0.06809279218382627,0.05962784883901201,0.07900682524600647,0.06218464795090738,0.05039476345465619,0.04625050852571138,0.03354372654386367,0.04001524914964932,0.03350059769495432,0.024228745253273815,0.02580949383440399,0.018801887997294604,0.015112681937507482,0.010279349991416675,0.011949536280898301,0.007940824311913881,0.007313075406725506,0.005214175609127548,0.004439633785778141,0.003024219687132528,0.0026662585573645954,0.001283172983713383,0.003582885994107416,5.922055092576754e-4,9.917160686268175e-4,2.7586583677762037e-4,1.0690718438641592e-4,2.485112675087738e-4,9.023482409043859e-5,7.63443419159426e-6,4.809648237567008e-5,2.089132071912289e-5,1.1582752327044665e-5,9.028472974535345e-6,1.0568121332160718e-5,0,0,3.41377355107492e-6,0,0,0,0,0,0,0,0,0,0,0,0,0,0,0,0,0,0,0,0
1,2018,111.8,0,0,0,0,0,0,0,0,0,0,0,0,0,0,0,0,0,0,0,0,0,0,0,0,0,0,0,0,0,0,0,0,0,0,0,0,0,0.00758017716353773,0.009993432298090056,0.012887059047024453,0.015844535154622072,0.02445466079742188,0.024545656409550018,0.026498024332742377,0.029721624908701255,0.029232056820235892,0.0241255291976601,0.027564630193866634,0.020378836435073593,0.02344048834542049,0.023654083285871597,0.02197971970965615,0.030389246227618388,0.03370928413269481,0.05690919625540993,0.07086316430820161,0.06830027018673504,0.06840122853172088,0.05576230687669029,0.05193459587547089,0.0496744969121631,0.036189290642271534,0.026095950194298438,0.025844849956574403,0.022704756770560473,0.02682449312088033,0.014081734421837975,0.00792048278637389,0.007461322105274374,0.0071747437463078175,0.006045837766258268,0.0037421037409122804,0.0021378042811077396,0.0011006168004357145,0.0018169670648417937,0.001166635323975536,8.557121546039524e-4,2.9752117124587515e-4,1.5925230708610543e-4,1.6221588698483004e-4,2.3622840717013385e-4,2.0168704704980504e-5,9.234786631037703e-5,5.0544568254232285e-6,5.989071786195282e-6,8.563389659130768e-6,1.2352066568595445e-6,0,1.2352066568595445e-6,1.292021109930652e-6,0,0,0,0,0,0,1.292021109930652e-6,0,0,0,0,0,0,0,0,0,0,0,0,0
1,2019,111.8,0,0,0,0,0,0,0,0,0,0,0,0,0,0,0,0,0,0,0,0,0,0,0,0,0,0,0,0,0,0,0,0,0,0,0,0,0,0.02164102680738899,0.020777815805171254,0.0290960367282345,0.0273124171121728,0.030135944226734445,0.026371729759759953,0.02908029255540402,0.03969976964950574,0.03502768067453832,0.039109238958941764,0.03683710895046482,0.03332163250800103,0.04183654176754394,0.03482765219062068,0.029524338801750347,0.026542753997338044,0.022336998853177043,0.03198586348792558,0.03701810949163761,0.042529544390882905,0.046434100708154666,0.04228403377367465,0.05600203945215155,0.04444050630911527,0.0401190101115688,0.03140734090814303,0.02135196882780314,0.02442789565727238,0.015412161211511583,0.011213002556438164,0.007406179869596282,0.005581561168644902,0.005675678441793691,0.003819445680828053,0.0026915220009595545,0.0013387283458930715,0.0011301733903494719,0.0014970924784912867,0.00104047612005173,5.251459038651991e-4,5.268024288662824e-4,3.3591003198042734e-4,1.2884779693780215e-4,3.950102898817741e-5,1.1163290694175514e-5,9.967457684019121e-5,3.769992217998185e-6,3.992926245650144e-5,0,0,0,0,2.3067849975167204e-6,0,0,0,0,0,0,0,0,0,1.5351725204818933e-6,0,0,0,0,0,0,0,0,0,0
1,2020,111.8,0,0,0,0,0,0,0,0,0,0,0,0,0,0,0,0,0,0,0,0,0,0,0,0,0,0,0,0,0,0,0,0,0,0,0,0,0,0.016314948908885095,0.014422737167657759,0.020157610267776106,0.01648019997854298,0.01804671568399525,0.017342341806142813,0.015047775099784614,0.020086601859644938,0.020593009253737065,0.02058906734514324,0.01884674804630003,0.018389285680986724,0.024536665007853054,0.025311060120464277,0.027319520369181484,0.03159307037438116,0.028050486900449926,0.04121815270635269,0.037149373098917755,0.045343517822034454,0.044351249528616514,0.04790309375083613,0.0628644736032036,0.059246872477457066,0.05722027450079401,0.050068226216706535,0.038053372842868693,0.04218123702110742,0.03143111571807201,0.02399859067253047,0.01653413848988566,0.01107342595218628,0.012000861270372967,0.006694625284915077,0.005411639351620769,0.004508003864088398,0.0022563667982945053,0.0024648049399295362,0.0015193776423344117,0.0012750273294034186,6.003455056792947e-4,7.713755446091672e-4,3.0219492940880224e-4,9.671489592049065e-5,5.208594939283489e-5,1.0930518394579252e-4,1.6800343137652507e-5,4.153986846064847e-5,8.264407410489655e-5,1.3921248534227647e-5,0,1.2498314010025792e-5,1.5320750178473978e-6,0,0,0,3.3773143234039824e-6,0,0,0,0,0,0,0,0,0,0,0,0,0,0,0,0
1,2021,111.8,0,0,0,0,0,0,0,0,0,0,0,0,0,0,0,0,0,0,0,0,0,0,0,0,0,0,0,0,0,0,0,0,0,0,0,0,0,0.028925837430569538,0.025803443383330182,0.027148210449025663,0.025360089417093005,0.02939371361257552,0.03093284034714233,0.02656452678387432,0.03392714574625337,0.029600004647363648,0.02792166799594103,0.023555522169859865,0.01934945022169879,0.027996689732177123,0.024123715978672893,0.02687839377733622,0.026779488988574594,0.024773303584136434,0.040897120885237566,0.04217789457896124,0.042875964952741284,0.04003817916250527,0.03821883208990061,0.049153276169208567,0.04305908414245934,0.04120689221698667,0.040587005942483295,0.0308146563688547,0.035200673638926226,0.02543208035940214,0.02003948866630049,0.014145023621575858,0.008630142555937697,0.008659747635327085,0.005685279330381138,0.0035287640171376643,0.0024952920252684007,0.0020710367278491955,0.0020161401235678634,0.001268552950565427,0.0011439233094201803,4.221263853023681e-4,2.924151566800921e-4,2.7405248524239927e-4,1.5879553175125171e-4,8.264600769250215e-5,1.066369696742287e-4,4.270492458055603e-5,5.533860329167927e-5,6.377586781150682e-6,3.3418956463332564e-5,6.036689553235942e-5,2.1711044680398397e-6,7.584957537391339e-5,0,0,2.1711044680398397e-6,0,5.832976075351357e-6,0,0,0,0,0,0,0,0,0,0,0,0,0,0,0
1,2022,111.8,0,0,0,0,0,0,0,0,0,0,0,0,0,0,0,0,0,0,0,0,0,0,0,0,0,0,0,0,0,0,0,0,0,0,0,0,0,0.017773004666552874,0.023446011967427672,0.03734031845395003,0.048175836293007535,0.060718007131197516,0.06009957416711122,0.0532440591871706,0.07189152041020794,0.05187999651675947,0.042011747410362114,0.03536995521525182,0.02222202108728322,0.029670203549066344,0.022016548986805603,0.021999131087657463,0.01700073331164636,0.014681400358960314,0.02308342466792188,0.026298905803186674,0.026697000416902903,0.029629340918881607,0.023625578487612552,0.032454902729002255,0.027949273007085298,0.027490403358286054,0.02632888864473174,0.019057501806977673,0.025345594175492918,0.020051798307502235,0.01799324351799457,0.012742354810820918,0.008918450527582847,0.007640239530097096,0.004269329780180281,0.0037468824519324086,0.0025713383212215696,0.0017936873418132868,0.0011508355142943265,5.644036593153236e-4,2.4088610689729155e-4,2.4367467595447516e-4,1.3322618497218743e-4,2.4666900098947617e-4,1.0279955157929957e-4,5.130561109652245e-5,3.344306945936073e-6,2.1539573217975553e-5,1.0246981941367462e-5,1.430213575427846e-6,0,0,0,0,0,0,1.430213575427846e-6,0,0,0,0,0,0,0,0,0,0,0,0,0,0,0,0,0
1,2023,111.8,0,0,0,0,0,0,0,0,0,0,0,0,0,0,0,0,0,0,0,0,0,0,0,0,0,0,0,0,0,0,0,0,0,0,0,0,0,0.03472489785009389,0.022435393212283248,0.02174115357108548,0.019621080759147796,0.020006752542571254,0.01992908765475198,0.024912574620216895,0.04608435403730125,0.04659339590115067,0.05714075613756093,0.05330710762761205,0.049669605928688416,0.0548639061949789,0.04027769868004548,0.030980225136473995,0.026035136645240972,0.019597622262193443,0.026927899625864074,0.024486016832943956,0.02917274559088439,0.030449073098854994,0.025740841821706512,0.033784976101092976,0.028399982572464497,0.030370089551760664,0.026797818028611687,0.02263400171605467,0.02797112381282497,0.024663478106017225,0.018127775873472737,0.01450870784256166,0.013182415866272999,0.011997705611657472,0.007686939321304621,0.00471340103884804,0.0033193321604578917,0.0022456512785570273,0.0016820254384973955,8.136985525288813e-4,6.002505400219171e-4,3.168095176805156e-4,2.6000198355418416e-4,1.4868874768599893e-4,1.8432728105548203e-4,1.984897040816325e-4,5.373259968129195e-4,4.8669337671036726e-5,7.931363908527816e-5,1.4761924823023e-5,1.9968510262835145e-6,0,0,3.99440523909285e-6,1.9968510262835145e-6,0,6.924615600533233e-6,0,0,0,0,0,0,0,0,0,0,0,0,0,0,0,0,0
1,2024,111.8,0,0,0,0,0,0,0,0,0,0,0,0,0,0,0,0,0,0,0,0,0,0,0,0,0,0,0,0,0,0,0,0,0,0,0,0,0,0.03489684960156821,0.03751886526194875,0.050749476059627235,0.05004399222528843,0.040223297409275965,0.03311505469493592,0.023284267281456765,0.02441854360975533,0.019114872100795235,0.017031352477449115,0.018741081718124938,0.019876245110907808,0.030525129307116754,0.03695370943953313,0.04455312012127456,0.044260872366708656,0.04087764779651104,0.043114935195961865,0.03845593337295826,0.03808685884319035,0.031631890639480575,0.02930385657514976,0.03384295765415775,0.02972449378434178,0.028507970259596203,0.025310636240622634,0.019776796670769602,0.02373075802072014,0.018089984598032603,0.016577465878348848,0.01458031839815089,0.010457589374383866,0.011350042848305151,0.0074598507198803685,0.0055800891326301645,0.003081722093174567,0.0020227995987362386,0.0010764505725849216,5.848912390691052e-4,4.957572988749116e-4,2.689807498553891e-4,8.537025269571298e-5,2.4292014126426953e-4,1.6129965487439194e-4,1.0662034248336215e-5,3.368271464197106e-5,1.1736984732974466e-5,8.58659719800989e-5,6.852035518852565e-6,1.8631342028161766e-6,3.4260177594262825e-6,0,7.236016488909932e-6,0,0,0,0,1.7130088797131413e-6,0,2.767727369470837e-5,0,0,2.2288417764521216e-5,0,0,0,0,0,0,0,0,0,0
1,2025,111.8,0,0,0,0,0,0,0,0,0,0,0,0,0,0,0,0,0,0,0,0,0,0,0,0,0,0,0,0,0,0,0,0,0,0,0,0,0,0.02646336931067216,0.027663662716893918,0.03750690893651179,0.04857173864812483,0.062070695282928794,0.06714422421141315,0.060405604206451774,0.06582579652857964,0.05254888156290722,0.04199671264207684,0.028939764907666334,0.018300408241764057,0.017843111848032427,0.01619445495656539,0.019839153065950143,0.026133108956691728,0.025296306881220663,0.038368693939295435,0.03866895419604048,0.03499124957338388,0.02918543950092877,0.02366152601197651,0.02710184674980596,0.02310854518865351,0.02120490949629198,0.018300656392917267,0.015584212986425263,0.018588331032821162,0.014459277561888929,0.012704554708986012,0.011334765548320469,0.007074283512493239,0.007741907075987085,0.005629156350789503,0.0034036510137259468,0.0026407437287439602,0.0012736624283366223,7.542549912248925e-4,4.378906113600447e-4,4.211694877967551e-4,1.5677573878236363e-4,7.262759067918404e-5,8.782497047358655e-5,3.4845239141038876e-5,5.7856107789323606e-5,9.977110745361959e-5,4.054565560389532e-5,3.29554316835265e-5,1.1579556950861644e-5,2.4123096262287812e-6,2.5444670040246687e-6,0,9.842826711445174e-6,0,0,0,2.0093862034769594e-6,4.8246192524575624e-6,0,0,0,0,0,0,0,0,0,0,0,0,0,0,0
